employee_id,name,manager_id,business_unit,department,role_type,grade,location,job_family,primary_skill,fte,annual_cost,tenure_years
E0001,Avery Morgan,,Executive,Office of CEO,Leadership,GH,Washington DC,Leadership,Strategy,1.0,240000.0,14.0
E0002,Director 1,E0001,Investment Solutions,Leadership,Leadership,GH,Washington DC,Leadership,Strategy,1.0,215000.0,10.0
E0003,Manager 1-1,E0002,Investment Solutions,Financial Institutions,Management,GG,Washington DC,Management,Strategy,1.0,170640.0,7.0
E0004,Employee 4,E0003,Investment Solutions,Financial Institutions,Staff,GF,Singapore,Analytics,Client Engagement,1.0,124750.33333876453,9.7
E0005,Employee 5,E0003,Investment Solutions,Financial Institutions,Staff,GE,São Paulo,Program Delivery,Sector Expertise,1.0,99165.58282885354,0.6
E0006,Employee 6,E0003,Investment Solutions,Financial Institutions,Staff,GG,Washington DC,Operations,Client Engagement,1.0,156118.07401637465,2.2
E0007,Employee 7,E9999,Investment Solutions,Financial Institutions,Staff,GF,Nairobi,Finance,Project Management,0.8,102365.41591745662,8.1
E0008,Employee 8,E0003,Investment Solutions,Financial Institutions,Staff,GE,Johannesburg,Analytics,Project Management,1.0,93510.9916383456,3.6
E0009,Employee 9,E0003,Investment Solutions,Financial Institutions,Staff,GG,Washington DC,Finance,Financial Analysis,1.0,149504.6766758478,9.1
E0010,Employee 10,E0003,Investment Solutions,Financial Institutions,Staff,GE,Istanbul,Operations,Financial Analysis,1.0,91942.41130801855,2.5
E0011,Employee 11,E0003,Investment Solutions,Financial Institutions,Staff,GG,Washington DC,Operations,Sector Expertise,1.0,148092.78994663502,8.0
E0012,Manager 1-2,E0002,Investment Solutions,Infrastructure,Management,GG,Nairobi,Management,Strategy,1.0,170640.0,7.0
E0013,Employee 13,E0012,Investment Solutions,Infrastructure,Staff,GG,Istanbul,Operations,Client Engagement,0.8,122111.40037760175,7.4
E0014,Employee 14,E0012,Investment Solutions,Infrastructure,Staff,GE,Istanbul,Operations,,1.0,97696.375050081,6.6
E0015,Employee 15,E0012,Investment Solutions,Infrastructure,Staff,GG,Washington DC,Operations,Client Engagement,0.8,119512.2044784647,8.1
E0016,Employee 16,E0012,Investment Solutions,Infrastructure,Staff,GF,Singapore,Operations,Data & AI,0.8,93856.56038411437,7.6
E0017,Employee 17,E0012,Investment Solutions,Infrastructure,Staff,GG,São Paulo,Program Delivery,Strategy,1.0,165548.28613499258,1.5
E0018,Employee 18,E0012,Investment Solutions,Infrastructure,Staff,GE,Nairobi,Program Delivery,Sector Expertise,1.0,87423.04864404484,1.3
E0019,Employee 19,E0012,Investment Solutions,Infrastructure,Staff,GG,Nairobi,Finance,Financial Analysis,0.8,126046.765886645,3.5
E0020,Manager 1-3,E0002,Investment Solutions,Manufacturing,Management,GG,Singapore,Management,Strategy,1.0,170640.0,7.0
E0021,Employee 21,E0020,Investment Solutions,Unmapped Unit,Staff,GF,Istanbul,Operations,Client Engagement,0.8,99196.70043440706,7.8
E0022,Employee 22,E0020,Investment Solutions,Manufacturing,Staff,GF,Nairobi,Operations,Client Engagement,0.8,95967.73378757546,4.3
E0023,Employee 23,E0020,Investment Solutions,Manufacturing,Staff,GF,Washington DC,Operations,Project Management,0.8,96292.99268259977,8.4
E0024,Employee 24,E0020,Investment Solutions,Manufacturing,Staff,GG,Washington DC,Analytics,Project Management,1.0,148823.92719560457,6.1
E0025,Employee 25,E0020,Investment Solutions,Manufacturing,Staff,GG,Nairobi,Analytics,Sector Expertise,1.0,160812.7365497808,0.5
E0026,Employee 26,E0020,Investment Solutions,Manufacturing,Staff,GF,Washington DC,Operations,Financial Analysis,1.0,133817.8980481279,9.5
E0027,Employee 27,E0020,Investment Solutions,Manufacturing,Staff,GF,São Paulo,Operations,Data & AI,1.0,125406.95927940866,2.7
E0028,Employee 28,E0020,Investment Solutions,Manufacturing,Staff,GG,Washington DC,Operations,Project Management,1.0,150450.27735604226,7.9
E0029,Employee 29,E0020,Investment Solutions,Manufacturing,Staff,GE,Johannesburg,Operations,Project Management,0.8,71950.10829266332,4.1
E0030,Director 2,E0001,Advisory & Upstream,Leadership,Leadership,GH,Washington DC,Leadership,Strategy,1.0,215000.0,9.0
E0031,Manager 2-1,E0030,Advisory & Upstream,Advisory Services,Management,GH,Nairobi,Management,Strategy,1.0,221400.00000000003,7.0
E0032,Employee 32,E0031,Advisory & Upstream,Advisory Services,Staff,GF,Washington DC,Program Delivery,Strategy,1.0,129076.68926033712,7.0
E0033,Employee 33,E0031,Advisory & Upstream,Advisory Services,Staff,GF,Singapore,Finance,Project Management,0.8,100381.15081968726,8.2
E0034,Employee 34,E0031,Advisory & Upstream,Advisory Services,Staff,GF,Istanbul,Analytics,Financial Analysis,1.0,120584.80316082569,4.5
E0035,Employee 35,E0031,Advisory & Upstream,Advisory Services,Staff,GE,Washington DC,Program Delivery,Project Management,1.0,98980.02649998134,4.1
E0036,Employee 36,E0031,Advisory & Upstream,Advisory Services,Staff,GE,Washington DC,Operations,Data & AI,1.0,95175.73641351801,3.1
E0037,Employee 37,E0031,Advisory & Upstream,Advisory Services,Staff,GE,Washington DC,Analytics,Data & AI,1.0,84016.20285921465,8.5
E0038,Employee 38,E0031,Advisory & Upstream,Advisory Services,Staff,GF,Washington DC,Analytics,Financial Analysis,0.8,104668.87844233048,7.9
E0039,Employee 39,E0031,Advisory & Upstream,Advisory Services,Staff,GE,Johannesburg,Finance,Client Engagement,0.8,68453.24213788613,10.3
E0040,Employee 40,E0031,Advisory & Upstream,Advisory Services,Staff,GE,Nairobi,Operations,Client Engagement,1.0,100040.53748607599,0.8
E0041,Employee 41,E0031,Advisory & Upstream,Advisory Services,Staff,GE,Washington DC,Program Delivery,Strategy,1.0,99357.85967319665,6.5
E0042,Employee 42,E0031,Advisory & Upstream,Advisory Services,Staff,GG,Singapore,Program Delivery,Strategy,0.8,117859.65477432098,7.5
E0043,Employee 43,E0031,Advisory & Upstream,Advisory Services,Staff,GE,Washington DC,Operations,Financial Analysis,1.0,91963.22386242302,2.6
E0044,Employee 44,E0031,Advisory & Upstream,Advisory Services,Staff,GF,Istanbul,Operations,Client Engagement,1.0,132208.60515619867,10.5
E0045,Employee 45,E0031,Advisory & Upstream,Advisory Services,Staff,GF,Johannesburg,Program Delivery,Financial Analysis,0.8,94746.27458539569,8.5
E0046,Employee 46,E0031,Advisory & Upstream,Advisory Services,Staff,GE,Washington DC,Finance,Strategy,1.0,97781.90599338156,10.2
E0047,Employee 47,E0031,Advisory & Upstream,Advisory Services,Staff,GG,Singapore,Operations,Client Engagement,1.0,148992.42475590893,5.4
E0048,Employee 48,E0031,Advisory & Upstream,Advisory Services,Staff,GE,Johannesburg,Analytics,Financial Analysis,1.0,85814.61948642907,6.5
E0049,Employee 49,E0031,Advisory & Upstream,Advisory Services,Staff,GF,São Paulo,Analytics,Client Engagement,1.0,114850.21032763664,9.5
E0050,Employee 50,E0031,Advisory & Upstream,Advisory Services,Staff,GE,Johannesburg,Analytics,Sector Expertise,0.8,78047.86143383011,11.0
E0051,Manager 2-2,E0030,Advisory & Upstream,Market Creation,Management,GG,Singapore,Management,Strategy,1.0,170640.0,7.0
E0052,Employee 52,E0051,Advisory & Upstream,Market Creation,Staff,GE,Washington DC,Operations,Sector Expertise,1.0,94605.34245231579,1.8
E0053,Employee 53,E0051,Advisory & Upstream,Market Creation,Staff,GE,São Paulo,Program Delivery,Project Management,1.0,86505.95165797486,4.2
E0054,Employee 54,E0051,Advisory & Upstream,Market Creation,Staff,GD,Washington DC,Operations,Client Engagement,1.0,64022.73358306087,9.1
E0055,Employee 55,E0051,Advisory & Upstream,Market Creation,Staff,GE,Washington DC,Operations,Client Engagement,1.0,89955.1556558116,5.8
E0056,Employee 56,E0051,Advisory & Upstream,Market Creation,Staff,GF,Nairobi,Analytics,Strategy,1.0,116700.97746759617,1.5
E0057,Employee 57,E0051,Advisory & Upstream,Market Creation,Staff,GE,São Paulo,Program Delivery,Financial Analysis,0.8,75691.48367807662,1.2
E0058,Employee 58,E0051,Advisory & Upstream,Market Creation,Staff,GE,Washington DC,Operations,Financial Analysis,0.8,72676.08396642163,9.7
E0059,Manager 2-3,E0030,Advisory & Upstream,Country Solutions,Management,GG,São Paulo,Management,Strategy,1.0,170640.0,7.0
E0060,Employee 60,E0059,Advisory & Upstream,Country Solutions,Staff,GF,Nairobi,Program Delivery,Project Management,1.0,129038.02710053312,0.8
E0061,Employee 61,E0059,Advisory & Upstream,Country Solutions,Staff,GG,São Paulo,Finance,Sector Expertise,1.0,164842.11105364736,1.3
E0062,Employee 62,E0059,Advisory & Upstream,Country Solutions,Staff,GE,Washington DC,Finance,Project Management,1.0,98918.23807870313,4.1
E0063,Employee 63,E0059,Advisory & Upstream,Country Solutions,Staff,GG,Nairobi,Finance,Strategy,1.0,166025.90509254026,8.4
E0064,Employee 64,E0059,Advisory & Upstream,Country Solutions,Staff,GE,Washington DC,Program Delivery,Sector Expertise,1.0,95829.49784033174,1.2
E0065,Employee 65,E0059,Advisory & Upstream,Country Solutions,Staff,GE,Washington DC,Finance,Data & AI,1.0,88412.84026538309,4.6
E0066,Employee 66,E0059,Advisory & Upstream,Country Solutions,Staff,GF,São Paulo,Operations,Sector Expertise,1.0,115611.76491538332,6.9
E0067,Employee 67,E0059,Advisory & Upstream,Country Solutions,Staff,GE,Washington DC,Analytics,Client Engagement,1.0,96799.59359166646,5.2
E0068,Director 3,E0001,Corporate Services,Leadership,Leadership,GH,Washington DC,Leadership,Strategy,1.0,215000.0,8.0
E0069,Manager 3-1,E0068,Corporate Services,Finance & Budget,Management,GG,Singapore,Management,Strategy,1.0,170640.0,7.0
E0070,Employee 70,E0069,Corporate Services,Finance & Budget,Staff,GG,Nairobi,Operations,Financial Analysis,0.8,134222.50072901443,4.1
E0071,Employee 71,E0069,Corporate Services,Finance & Budget,Staff,GG,Johannesburg,Operations,Client Engagement,1.0,157268.24126143457,10.1
E0072,Employee 72,E0069,Corporate Services,Finance & Budget,Staff,GG,Washington DC,Finance,Project Management,0.8,120440.72626626062,0.3
E0073,Employee 73,E0069,Corporate Services,Finance & Budget,Staff,GF,Nairobi,Program Delivery,Project Management,1.0,124337.27380820578,6.1
E0074,Manager 3-2,E0068,Corporate Services,Digital Operations,Management,GH,São Paulo,Management,Strategy,1.0,221400.00000000003,7.0
E0075,Employee 75,E0074,Corporate Services,Digital Operations,Staff,GE,Singapore,Program Delivery,Client Engagement,0.8,72333.20980811701,2.9
E0076,Employee 76,E0074,Corporate Services,Digital Operations,Staff,GF,Washington DC,Finance,Client Engagement,1.0,119243.15445024938,3.6
E0077,Employee 77,E0074,Corporate Services,Digital Operations,Staff,GG,São Paulo,Operations,Financial Analysis,1.0,149394.447387616,2.8
E0078,Employee 78,E0074,Corporate Services,Digital Operations,Staff,GF,Nairobi,Analytics,Sector Expertise,1.0,118914.05997648626,1.0
E0079,Employee 79,E0074,Corporate Services,Digital Operations,Staff,GH,Johannesburg,Operations,Financial Analysis,1.0,220169.5736872117,4.7
E0080,Employee 80,E0074,Corporate Services,Digital Operations,Staff,GF,Washington DC,Operations,Financial Analysis,1.0,119025.09060272452,6.8
E0081,Employee 81,E0074,Corporate Services,Digital Operations,Staff,GF,Istanbul,Operations,Project Management,1.0,133012.68921328936,4.4
E0082,Employee 82,E0074,Corporate Services,Digital Operations,Staff,GF,Singapore,Finance,Financial Analysis,1.0,115674.7161690812,9.4
E0083,Employee 83,E0074,Corporate Services,Digital Operations,Staff,GG,Istanbul,Operations,Data & AI,1.0,163568.19755625908,9.9
E0084,Employee 84,E0074,Corporate Services,Digital Operations,Staff,GF,Istanbul,Finance,Financial Analysis,1.0,117648.56513767468,8.2
E0085,Employee 85,E0074,Corporate Services,Digital Operations,Staff,GG,São Paulo,Program Delivery,Financial Analysis,1.0,156269.26580471016,7.3
E0086,Employee 86,E0074,Corporate Services,Digital Operations,Staff,GE,Washington DC,Operations,Data & AI,1.0,94206.68666133551,7.2
E0087,Employee 87,E0074,Corporate Services,Digital Operations,Staff,GF,Singapore,Finance,Financial Analysis,1.0,116460.83001376511,2.7
E0088,Employee 88,E0074,Corporate Services,Digital Operations,Staff,GF,Washington DC,Analytics,Project Management,1.0,113237.53887684656,5.9
E0089,Employee 89,E0074,Corporate Services,Digital Operations,Staff,GF,Istanbul,Analytics,Financial Analysis,1.0,131228.7491541034,2.0
E0090,Manager 3-3,E0068,Corporate Services,Strategy & Risk,Management,GG,Istanbul,Management,Strategy,1.0,170640.0,7.0
E0091,Employee 91,E0090,Corporate Services,Strategy & Risk,Staff,GF,Johannesburg,Operations,Sector Expertise,1.0,117189.93420904975,1.2
E0092,Employee 92,E0090,Corporate Services,Strategy & Risk,Staff,GH,Istanbul,Program Delivery,Sector Expertise,1.0,194790.3671863908,3.9
E0093,Employee 93,E0090,Corporate Services,Strategy & Risk,Staff,GH,Nairobi,Finance,Strategy,1.0,189090.7213286406,9.2
E0094,Employee 94,E0090,Corporate Services,Strategy & Risk,Staff,GF,São Paulo,Analytics,Strategy,1.0,125563.74939689798,5.6
E0095,Employee 95,E0090,Corporate Services,Strategy & Risk,Staff,GF,São Paulo,Operations,Financial Analysis,0.8,98336.25403014122,2.6
E0096,Employee 96,E0090,Corporate Services,Strategy & Risk,Staff,GF,São Paulo,Program Delivery,Sector Expertise,1.0,117293.36045829504,7.5
E0097,Employee 97,E0090,Corporate Services,Strategy & Risk,Staff,GF,São Paulo,Finance,Project Management,1.0,112402.1879984245,6.9
E0098,Employee 98,E0090,Corporate Services,Strategy & Risk,Staff,GG,Johannesburg,Finance,Sector Expertise,1.0,167688.43621035782,7.4
E0099,Employee 99,E0090,Corporate Services,Strategy & Risk,Staff,GG,Washington DC,Operations,Client Engagement,0.8,125375.12122527772,3.1
E0100,Employee 100,E0090,Corporate Services,Strategy & Risk,Staff,GF,Singapore,Operations,Sector Expertise,1.0,116984.29159852145,2.6
E0101,Employee 101,E0090,Corporate Services,Strategy & Risk,Staff,GF,Washington DC,Program Delivery,Sector Expertise,1.0,127025.5944569092,9.3
